<?xml version="1.0" encoding="UTF-8"?>
<circuito xmlns="http://www.uniovi.es"
    xmlns:xsi="http://www.w3.org/2001/XMLSchema-instance"
    xsi:schemaLocation="http://www.uniovi.es circuito.xsd">
    <datos>
        <nombre>Monza</nombre>
        <longitud>5793</longitud>
        <anchuraMed>12</anchuraMed>
        <fecha>2024-09-01</fecha>
        <hora>15:00:00</hora>
        <nVueltas>53</nVueltas>
        <localidad>Monza</localidad>
        <pais>Italia</pais>
        <referencias>
            <referencia>https://es.wikipedia.org/wiki/Autodromo_Nazionale_di_Monza</referencia>
            <referencia>https://www.dazn.com/es-ES/news/motor/circuito-monza-donde-esta-como-es-caracteristicas-como-llegar-fotos-escenario-gp-italia-mundial-f1/1rvwgg1hco88f14fi4ivfb1g00</referencia>
            <referencia>https://www.f1italy.com/es/la-historia-del-circuito-de-monza</referencia>
        </referencias>
        <fotografias>
            <foto>foto.jpeg</foto>
        </fotografias>
        <videos></videos>
        <coordenadas>
            <longitudCircuito>9.281183</longitudCircuito> 
            <latitudCircuito>45.618978</latitudCircuito>
            <altitudCircuito>183</altitudCircuito>
        </coordenadas>
    </datos>
    <tramos>
        <tramo distUnidad="m"><!--p1-->
            <dist>618.53</dist>
            <coordenadasTramo>
                <longitudTramo>9.281925</longitudTramo>
                <latitudTramo>45.624517</latitudTramo>
                <altitudTramo>187</altitudTramo>
            </coordenadasTramo>
            <nSector>1</nSector>
        </tramo>
        <tramo distUnidad="m"><!--p2-->
            <dist>45.06</dist>
            <coordenadasTramo>
                <longitudTramo>9.282475</longitudTramo>
                <latitudTramo>45.624655</latitudTramo>
                <altitudTramo>187</altitudTramo>
            </coordenadasTramo>
            <nSector>1</nSector>
        </tramo>
        <tramo distUnidad="m">
            <dist>155.7</dist><!--p3-->
            <coordenadasTramo>
                <longitudTramo>9.282080</longitudTramo>
                <latitudTramo>45.626000</latitudTramo>
                <altitudTramo>188</altitudTramo>
            </coordenadasTramo>
            <nSector>1</nSector>
        </tramo>
        <tramo distUnidad="m"><!--p4-->
            <dist>330.18</dist>
            <coordenadasTramo> 
                <longitudTramo>9.283190</longitudTramo>
                <latitudTramo>45.628892</latitudTramo>
                <altitudTramo>189</altitudTramo>
            </coordenadasTramo>
            <nSector>1</nSector>
        </tramo>

        <tramo distUnidad="m"><!--p4.5-->
            <dist>168.94</dist>
            <coordenadasTramo> 
                <longitudTramo>9.284807</longitudTramo>
                <latitudTramo>45.629882</latitudTramo>
                <altitudTramo>191</altitudTramo>
            </coordenadasTramo>
            <nSector>1</nSector>
        </tramo>


        <tramo distUnidad="m"><!--p5-->
            <dist>157.46</dist>
            <coordenadasTramo>
                <longitudTramo>9.286829</longitudTramo>
                <latitudTramo>45.629956</latitudTramo>
                <altitudTramo>191</altitudTramo>
            </coordenadasTramo>
            <nSector>1</nSector>
        </tramo>

        <tramo distUnidad="m"><!--p6-->
            <dist>358.21</dist>
            <coordenadasTramo> 
                <longitudTramo>9.291394</longitudTramo>
                <latitudTramo>45.630188</latitudTramo>
                <altitudTramo>191</altitudTramo>
            </coordenadasTramo>
            <nSector>2</nSector>
        </tramo>

        <tramo distUnidad="m"><!--p7-->
            <dist>45.22</dist>
            <coordenadasTramo>  
                <longitudTramo>9.291632</longitudTramo>
                <latitudTramo>45.630559</latitudTramo>
                <altitudTramo>191</altitudTramo>
            </coordenadasTramo>
            <nSector>2</nSector>
        </tramo>

        <tramo distUnidad="m"><!--p8-->
            <dist>318.7</dist>
            <coordenadasTramo>
                <longitudTramo>9.295553</longitudTramo>
                <latitudTramo>45.631368</latitudTramo>
                <altitudTramo>188</altitudTramo>
            </coordenadasTramo>
            <nSector>2</nSector>
        </tramo>

        <tramo distUnidad="m"><!--p9-->
            <dist>94.66</dist>
            <coordenadasTramo>
                <longitudTramo>9.296557</longitudTramo>
                <latitudTramo>45.630896</latitudTramo>
                <altitudTramo>188</altitudTramo>
            </coordenadasTramo>
            <nSector>2</nSector>
        </tramo>

        <tramo distUnidad="m"><!--p10-->
            <dist>267.67</dist>
            <coordenadasTramo>
                <longitudTramo>9.296825</longitudTramo>
                <latitudTramo>45.628494</latitudTramo>
                <altitudTramo>188</altitudTramo>
            </coordenadasTramo>
            <nSector>2</nSector>
        </tramo>


        <tramo distUnidad="m"><!--p11-->
            <dist>501.63</dist>
            <coordenadasTramo>
                <longitudTramo>9.291383</longitudTramo>
                <latitudTramo>45.626077</latitudTramo>
                <altitudTramo>190</altitudTramo>
            </coordenadasTramo>
            <nSector>2</nSector>
        </tramo>

        <tramo distUnidad="m"><!--p12-->
            <dist>570.98</dist>
            <coordenadasTramo>
                <longitudTramo>9.285911</longitudTramo>
                <latitudTramo>45.622678</latitudTramo>
                <altitudTramo>186</altitudTramo>
            </coordenadasTramo>
            <nSector>3</nSector>
        </tramo>

        <tramo distUnidad="m"><!--p13-->
            <dist>110.8</dist>
            <coordenadasTramo>
                <longitudTramo>9.285775</longitudTramo>
                <latitudTramo>45.621694</latitudTramo>
                <altitudTramo>201</altitudTramo>
            </coordenadasTramo>
            <nSector>3</nSector>
        </tramo>


        <tramo distUnidad="m"><!--p14-->
            <dist>78.92</dist>
            <coordenadasTramo>
                <longitudTramo>9.285069</longitudTramo>
                <latitudTramo>45.621184</latitudTramo>
                <altitudTramo>185</altitudTramo>
            </coordenadasTramo>
            <nSector>3</nSector>
        </tramo>


        <tramo distUnidad="m"><!--p15-->
            <dist>975.9</dist>
            <coordenadasTramo>
                <longitudTramo>9.283690</longitudTramo>
                <latitudTramo>45.612462</latitudTramo>
                <altitudTramo>180</altitudTramo>
            </coordenadasTramo>
            <nSector>3</nSector>
        </tramo>

        <tramo distUnidad="m"><!--p16-->
            <dist>87.69</dist>
            <coordenadasTramo>
                <longitudTramo>9.282932</longitudTramo>
                <latitudTramo>45.611887</latitudTramo>
                <altitudTramo>180</altitudTramo>
            </coordenadasTramo>
            <nSector>3</nSector>
        </tramo>

        <tramo distUnidad="m"><!--p17-->
            <dist>182.59</dist>
            <coordenadasTramo>
                <longitudTramo>9.281007</longitudTramo>
                <latitudTramo>45.612787</latitudTramo>
                <altitudTramo>191</altitudTramo>
            </coordenadasTramo>
            <nSector>3</nSector>
        </tramo>

        <tramo distUnidad="m"><!--p18-->
            <dist>360.46</dist>
            <coordenadasTramo>
                <longitudTramo>9.280837</longitudTramo>
                <latitudTramo>45.616026</latitudTramo>
                <altitudTramo>182</altitudTramo>
            </coordenadasTramo>
            <nSector>3</nSector>
        </tramo>

        <tramo distUnidad="m"><!--p19 (mismo que 0)-->
            <dist>330</dist>
            <coordenadasTramo>
                <longitudTramo>9.281183</longitudTramo>
                <latitudTramo>45.618978</latitudTramo>
                <altitudTramo>183</altitudTramo>
            </coordenadasTramo>
            <nSector>3</nSector>
        </tramo>


    </tramos>
</circuito>